{
  "d_token": 192,
  "n_head": 4,
  "n_layers": 3,
  "ff_mult": 2,
  "dropout": 0.0,
  "lr": 0.00047246527645281505,
  "weight_decay": 0.0009956055660659028,
  "batch_size": 256
}